{"v":"4.11.0","fr":29.9700012207031,"ip":0,"op":35.0000014255792,"w":800,"h":800,"nm":"nova afiliação","ddd":0,"assets":[],"layers":[{"ddd":0,"ind":1,"ty":4,"nm":"Camada de forma 3","sr":1,"ks":{"o":{"a":0,"k":100,"ix":11},"r":{"a":0,"k":60,"ix":10},"p":{"a":0,"k":[500,196.248,0],"ix":2},"a":{"a":0,"k":[27,-211,0],"ix":1},"s":{"a":0,"k":[100,100,100],"ix":6}},"ao":0,"shapes":[{"ty":"gr","it":[{"ind":0,"ty":"sh","ix":1,"ks":{"a":0,"k":{"i":[[0,0],[0,0]],"o":[[0,0],[0,0]],"v":[[17.276,-208.653],[-20.24,-264.261]],"c":false},"ix":2},"nm":"Caminho 1","mn":"ADBE Vector Shape - Group","hd":false},{"ty":"st","c":{"a":0,"k":[1,0.701960784314,0,1],"ix":3},"o":{"a":0,"k":100,"ix":4},"w":{"a":0,"k":10,"ix":5},"lc":2,"lj":1,"ml":4,"nm":"Traçado 1","mn":"ADBE Vector Graphic - Stroke","hd":false},{"ty":"fl","c":{"a":0,"k":[0.941175991881,0.2588239782,0.168626987233,1],"ix":4},"o":{"a":0,"k":100,"ix":5},"r":1,"nm":"Preenchimento 1","mn":"ADBE Vector Graphic - Fill","hd":false},{"ty":"tr","p":{"a":0,"k":[0,0],"ix":2},"a":{"a":0,"k":[0,0],"ix":1},"s":{"a":0,"k":[100,100],"ix":3},"r":{"a":0,"k":0,"ix":6},"o":{"a":0,"k":100,"ix":7},"sk":{"a":0,"k":0,"ix":4},"sa":{"a":0,"k":0,"ix":5},"nm":"Transformar"}],"nm":"Forma 1","np":3,"cix":2,"ix":1,"mn":"ADBE Vector Group","hd":false},{"ty":"tm","s":{"a":1,"k":[{"i":{"x":[0.184],"y":[1]},"o":{"x":[0.333],"y":[0]},"n":["0p184_1_0p333_0"],"t":21,"s":[0],"e":[100]},{"t":28.0000011404634}],"ix":1},"e":{"a":1,"k":[{"i":{"x":[0.667],"y":[1]},"o":{"x":[1],"y":[0]},"n":["0p667_1_1_0"],"t":14,"s":[0],"e":[100]},{"t":21.0000008553475}],"ix":2},"o":{"a":0,"k":0,"ix":3},"m":1,"ix":2,"nm":"Aparar caminhos 1","mn":"ADBE Vector Filter - Trim","hd":false}],"ip":0,"op":35.0000014255792,"st":0,"bm":0},{"ddd":0,"ind":2,"ty":4,"nm":"Camada de forma 2","sr":1,"ks":{"o":{"a":0,"k":100,"ix":11},"r":{"a":0,"k":45,"ix":10},"p":{"a":0,"k":[462.5,189,0],"ix":2},"a":{"a":0,"k":[27,-211,0],"ix":1},"s":{"a":0,"k":[100,100,100],"ix":6}},"ao":0,"shapes":[{"ty":"gr","it":[{"ind":0,"ty":"sh","ix":1,"ks":{"a":0,"k":{"i":[[0,0],[0,0]],"o":[[0,0],[0,0]],"v":[[17.276,-208.653],[-25.416,-251.296]],"c":false},"ix":2},"nm":"Caminho 1","mn":"ADBE Vector Shape - Group","hd":false},{"ty":"st","c":{"a":0,"k":[1,0.701960784314,0,1],"ix":3},"o":{"a":0,"k":100,"ix":4},"w":{"a":0,"k":10,"ix":5},"lc":2,"lj":1,"ml":4,"nm":"Traçado 1","mn":"ADBE Vector Graphic - Stroke","hd":false},{"ty":"fl","c":{"a":0,"k":[0.941175991881,0.2588239782,0.168626987233,1],"ix":4},"o":{"a":0,"k":100,"ix":5},"r":1,"nm":"Preenchimento 1","mn":"ADBE Vector Graphic - Fill","hd":false},{"ty":"tr","p":{"a":0,"k":[0,0],"ix":2},"a":{"a":0,"k":[0,0],"ix":1},"s":{"a":0,"k":[100,100],"ix":3},"r":{"a":0,"k":0,"ix":6},"o":{"a":0,"k":100,"ix":7},"sk":{"a":0,"k":0,"ix":4},"sa":{"a":0,"k":0,"ix":5},"nm":"Transformar"}],"nm":"Forma 1","np":3,"cix":2,"ix":1,"mn":"ADBE Vector Group","hd":false},{"ty":"tm","s":{"a":1,"k":[{"i":{"x":[0.184],"y":[1]},"o":{"x":[0.333],"y":[0]},"n":["0p184_1_0p333_0"],"t":21,"s":[0],"e":[100]},{"t":28.0000011404634}],"ix":1},"e":{"a":1,"k":[{"i":{"x":[0.667],"y":[1]},"o":{"x":[1],"y":[0]},"n":["0p667_1_1_0"],"t":14,"s":[0],"e":[100]},{"t":21.0000008553475}],"ix":2},"o":{"a":0,"k":0,"ix":3},"m":1,"ix":2,"nm":"Aparar caminhos 1","mn":"ADBE Vector Filter - Trim","hd":false}],"ip":0,"op":35.0000014255792,"st":0,"bm":0},{"ddd":0,"ind":3,"ty":4,"nm":"Camada de forma 1","sr":1,"ks":{"o":{"a":0,"k":100,"ix":11},"r":{"a":0,"k":15,"ix":10},"p":{"a":0,"k":[427,189,0],"ix":2},"a":{"a":0,"k":[27,-211,0],"ix":1},"s":{"a":0,"k":[100,100,100],"ix":6}},"ao":0,"shapes":[{"ty":"gr","it":[{"ind":0,"ty":"sh","ix":1,"ks":{"a":0,"k":{"i":[[0,0],[0,0]],"o":[[0,0],[0,0]],"v":[[17.276,-208.653],[-32.094,-256.625]],"c":false},"ix":2},"nm":"Caminho 1","mn":"ADBE Vector Shape - Group","hd":false},{"ty":"st","c":{"a":0,"k":[1,0.701960784314,0,1],"ix":3},"o":{"a":0,"k":100,"ix":4},"w":{"a":0,"k":10,"ix":5},"lc":2,"lj":1,"ml":4,"nm":"Traçado 1","mn":"ADBE Vector Graphic - Stroke","hd":false},{"ty":"fl","c":{"a":0,"k":[0.941175991881,0.2588239782,0.168626987233,1],"ix":4},"o":{"a":0,"k":100,"ix":5},"r":1,"nm":"Preenchimento 1","mn":"ADBE Vector Graphic - Fill","hd":false},{"ty":"tr","p":{"a":0,"k":[0,0],"ix":2},"a":{"a":0,"k":[0,0],"ix":1},"s":{"a":0,"k":[100,100],"ix":3},"r":{"a":0,"k":0,"ix":6},"o":{"a":0,"k":100,"ix":7},"sk":{"a":0,"k":0,"ix":4},"sa":{"a":0,"k":0,"ix":5},"nm":"Transformar"}],"nm":"Forma 1","np":3,"cix":2,"ix":1,"mn":"ADBE Vector Group","hd":false},{"ty":"tm","s":{"a":1,"k":[{"i":{"x":[0.184],"y":[1]},"o":{"x":[0.333],"y":[0]},"n":["0p184_1_0p333_0"],"t":21,"s":[0],"e":[100]},{"t":28.0000011404634}],"ix":1},"e":{"a":1,"k":[{"i":{"x":[0.667],"y":[1]},"o":{"x":[1],"y":[0]},"n":["0p667_1_1_0"],"t":14,"s":[0],"e":[100]},{"t":21.0000008553475}],"ix":2},"o":{"a":0,"k":0,"ix":3},"m":1,"ix":2,"nm":"Aparar caminhos 1","mn":"ADBE Vector Filter - Trim","hd":false}],"ip":0,"op":35.0000014255792,"st":0,"bm":0},{"ddd":0,"ind":4,"ty":4,"nm":"handshake contornos","sr":1,"ks":{"o":{"a":0,"k":100,"ix":11},"r":{"a":0,"k":0,"ix":10},"p":{"a":0,"k":[416,452,0],"ix":2},"a":{"a":0,"k":[1104,621,0],"ix":1},"s":{"a":0,"k":[193,193,100],"ix":6}},"ao":0,"shapes":[{"ty":"gr","it":[{"ty":"gr","it":[{"ind":0,"ty":"sh","ix":1,"ks":{"a":0,"k":{"i":[[0,0],[0,0],[3.6,6.921],[-6.385,3.322],[0,0]],"o":[[0,0],[-6.385,3.321],[-3.601,-6.921],[0,0],[0,0]],"v":[[50.199,-7.994],[-28.52,31.269],[-46.599,24.752],[-41.56,6.206],[35.726,-34.59]],"c":false},"ix":2},"nm":"Caminho 1","mn":"ADBE Vector Shape - Group","hd":false},{"ty":"st","c":{"a":0,"k":[0.945098039216,0.329411764706,0.247058823529,1],"ix":3},"o":{"a":0,"k":100,"ix":4},"w":{"a":0,"k":9,"ix":5},"lc":2,"lj":2,"nm":"Traçado 1","mn":"ADBE Vector Graphic - Stroke","hd":false},{"ty":"tr","p":{"a":0,"k":[1065.026,696.632],"ix":2},"a":{"a":0,"k":[0,0],"ix":1},"s":{"a":0,"k":[100,100],"ix":3},"r":{"a":0,"k":0,"ix":6},"o":{"a":0,"k":100,"ix":7},"sk":{"a":0,"k":0,"ix":4},"sa":{"a":0,"k":0,"ix":5},"nm":"Transformar"}],"nm":"Grupo 1","np":2,"cix":2,"ix":1,"mn":"ADBE Vector Group","hd":false},{"ty":"gr","it":[{"ind":0,"ty":"sh","ix":1,"ks":{"a":0,"k":{"i":[[0,0],[0,0],[3.601,6.92],[-6.833,3.554],[0,0]],"o":[[0,0],[-6.833,3.556],[-3.6,-6.92],[0,0],[0,0]],"v":[[53.741,-9.78],[-31.248,30.792],[-50.141,24.699],[-44.288,5.731],[31.62,-34.348]],"c":false},"ix":2},"nm":"Caminho 1","mn":"ADBE Vector Shape - Group","hd":false},{"ty":"st","c":{"a":0,"k":[0.945098039216,0.329411764706,0.247058823529,1],"ix":3},"o":{"a":0,"k":100,"ix":4},"w":{"a":0,"k":9,"ix":5},"lc":2,"lj":2,"nm":"Traçado 1","mn":"ADBE Vector Graphic - Stroke","hd":false},{"ty":"tr","p":{"a":0,"k":[1047.011,671.822],"ix":2},"a":{"a":0,"k":[0,0],"ix":1},"s":{"a":0,"k":[100,100],"ix":3},"r":{"a":0,"k":0,"ix":6},"o":{"a":0,"k":100,"ix":7},"sk":{"a":0,"k":0,"ix":4},"sa":{"a":0,"k":0,"ix":5},"nm":"Transformar"}],"nm":"Grupo 2","np":2,"cix":2,"ix":2,"mn":"ADBE Vector Group","hd":false},{"ty":"gr","it":[{"ind":0,"ty":"sh","ix":1,"ks":{"a":0,"k":{"i":[[0,0],[0,0],[-3.371,-7.036],[-6.938,3.324],[0,0],[-42.454,40.959]],"o":[[0,0],[-7.036,3.372],[3.37,7.036],[0,0],[0,0],[0,0]],"v":[[-46.604,1.936],[-86.152,24.083],[-92.788,42.926],[-74.043,49.609],[-7.219,17.854],[96.158,-52.933]],"c":false},"ix":2},"nm":"Caminho 1","mn":"ADBE Vector Shape - Group","hd":false},{"ty":"st","c":{"a":0,"k":[0.945098039216,0.329411764706,0.247058823529,1],"ix":3},"o":{"a":0,"k":100,"ix":4},"w":{"a":0,"k":9,"ix":5},"lc":2,"lj":2,"nm":"Traçado 1","mn":"ADBE Vector Graphic - Stroke","hd":false},{"ty":"tr","p":{"a":0,"k":[1150.084,692.56],"ix":2},"a":{"a":0,"k":[0,0],"ix":1},"s":{"a":0,"k":[100,100],"ix":3},"r":{"a":0,"k":0,"ix":6},"o":{"a":0,"k":100,"ix":7},"sk":{"a":0,"k":0,"ix":4},"sa":{"a":0,"k":0,"ix":5},"nm":"Transformar"}],"nm":"Grupo 3","np":2,"cix":2,"ix":3,"mn":"ADBE Vector Group","hd":false},{"ty":"gr","it":[{"ind":0,"ty":"sh","ix":1,"ks":{"a":0,"k":{"i":[[0,0],[0,0],[3.371,7.036],[-7.035,3.371],[0,0]],"o":[[0,0],[-6.938,3.323],[-3.37,-7.035],[0,0],[0,0]],"v":[[44.47,-11.759],[-22.355,19.997],[-41.1,13.313],[-34.464,-5.529],[2.672,-23.32]],"c":false},"ix":2},"nm":"Caminho 1","mn":"ADBE Vector Shape - Group","hd":false},{"ty":"st","c":{"a":0,"k":[0.945098039216,0.329411764706,0.247058823529,1],"ix":3},"o":{"a":0,"k":100,"ix":4},"w":{"a":0,"k":9,"ix":5},"lc":2,"lj":2,"nm":"Traçado 1","mn":"ADBE Vector Graphic - Stroke","hd":false},{"ty":"tr","p":{"a":0,"k":[1032.78,649.233],"ix":2},"a":{"a":0,"k":[0,0],"ix":1},"s":{"a":0,"k":[100,100],"ix":3},"r":{"a":0,"k":0,"ix":6},"o":{"a":0,"k":100,"ix":7},"sk":{"a":0,"k":0,"ix":4},"sa":{"a":0,"k":0,"ix":5},"nm":"Transformar"}],"nm":"Grupo 4","np":2,"cix":2,"ix":4,"mn":"ADBE Vector Group","hd":false},{"ty":"gr","it":[{"ind":0,"ty":"sh","ix":1,"ks":{"a":0,"k":{"i":[[0.613,-0.3],[0,0],[0.299,0.612],[0,0],[-0.612,0.3],[0,0],[-0.3,-0.613],[0,0]],"o":[[0,0],[-0.612,0.3],[0,0],[-0.299,-0.613],[0,0],[0.613,-0.3],[0,0],[0.3,0.612]],"v":[[51.538,48.094],[6.316,70.209],[4.665,69.643],[-52.105,-46.44],[-51.538,-48.093],[-6.316,-70.208],[-4.664,-69.641],[52.104,46.442]],"c":true},"ix":2},"nm":"Caminho 1","mn":"ADBE Vector Shape - Group","hd":false},{"ty":"st","c":{"a":0,"k":[0.945098039216,0.329411764706,0.247058823529,1],"ix":3},"o":{"a":0,"k":100,"ix":4},"w":{"a":0,"k":9,"ix":5},"lc":1,"lj":1,"ml":10,"nm":"Traçado 1","mn":"ADBE Vector Graphic - Stroke","hd":false},{"ty":"tr","p":{"a":0,"k":[1240.829,569.347],"ix":2},"a":{"a":0,"k":[0,0],"ix":1},"s":{"a":0,"k":[100,100],"ix":3},"r":{"a":0,"k":0,"ix":6},"o":{"a":0,"k":100,"ix":7},"sk":{"a":0,"k":0,"ix":4},"sa":{"a":0,"k":0,"ix":5},"nm":"Transformar"}],"nm":"Grupo 6","np":2,"cix":2,"ix":5,"mn":"ADBE Vector Group","hd":false},{"ty":"tr","p":{"a":0,"k":[1141.675,621.271],"ix":2},"a":{"a":0,"k":[1141.675,621.271],"ix":1},"s":{"a":0,"k":[100,100],"ix":3},"r":{"a":1,"k":[{"i":{"x":[0.254],"y":[1]},"o":{"x":[0.662],"y":[0]},"n":["0p254_1_0p662_0"],"t":10,"s":[-15],"e":[0]},{"t":20.0000008146167}],"ix":6},"o":{"a":0,"k":100,"ix":7},"sk":{"a":0,"k":0,"ix":4},"sa":{"a":0,"k":0,"ix":5},"nm":"Transformar"}],"nm":"Grupo 1","np":5,"cix":2,"ix":1,"mn":"ADBE Vector Group","hd":false},{"ty":"gr","it":[{"ty":"gr","it":[{"ind":0,"ty":"sh","ix":1,"ks":{"a":0,"k":{"i":[[0,0],[-24.454,60.688],[-0.573,-0.207],[-12.626,8.741],[-0.724,4.594],[0.555,0.196],[0,0],[12.5,-7.875],[24.431,10.139]],"o":[[0,0],[0.228,-0.566],[18.67,6.714],[8.852,-6.129],[0.091,-0.581],[-17.14,-6.059],[0,0],[-9.756,5],[0,0]],"v":[[-73.011,28.771],[6.084,-5.709],[7.511,-6.365],[70.848,6.993],[83.101,-14.722],[82.313,-16.057],[-19.011,-50.979],[-44.886,-47.104],[-83.192,-49.243]],"c":false},"ix":2},"nm":"Caminho 1","mn":"ADBE Vector Shape - Group","hd":false},{"ty":"st","c":{"a":0,"k":[0.945098039216,0.329411764706,0.247058823529,1],"ix":3},"o":{"a":0,"k":100,"ix":4},"w":{"a":0,"k":9,"ix":5},"lc":2,"lj":2,"nm":"Traçado 1","mn":"ADBE Vector Graphic - Stroke","hd":false},{"ty":"tr","p":{"a":0,"k":[1087.511,564.479],"ix":2},"a":{"a":0,"k":[0,0],"ix":1},"s":{"a":0,"k":[100,100],"ix":3},"r":{"a":0,"k":0,"ix":6},"o":{"a":0,"k":100,"ix":7},"sk":{"a":0,"k":0,"ix":4},"sa":{"a":0,"k":0,"ix":5},"nm":"Transformar"}],"nm":"Grupo 5","np":2,"cix":2,"ix":1,"mn":"ADBE Vector Group","hd":false},{"ty":"gr","it":[{"ind":0,"ty":"sh","ix":1,"ks":{"a":0,"k":{"i":[[0.646,0.222],[0,0],[-0.221,0.645],[0,0],[-0.645,-0.222],[0,0],[0.221,-0.645],[0,0]],"o":[[0,0],[-0.646,-0.222],[0,0],[0.221,-0.645],[0,0],[0.645,0.222],[0,0],[-0.221,0.645]],"v":[[2.436,70.449],[-45.178,54.112],[-45.946,52.542],[-4.005,-69.682],[-2.436,-70.45],[45.179,-54.112],[45.946,-52.542],[4.005,69.682]],"c":true},"ix":2},"nm":"Caminho 1","mn":"ADBE Vector Shape - Group","hd":false},{"ty":"st","c":{"a":0,"k":[0.945098039216,0.329411764706,0.247058823529,1],"ix":3},"o":{"a":0,"k":100,"ix":4},"w":{"a":0,"k":9,"ix":5},"lc":1,"lj":1,"ml":10,"nm":"Traçado 1","mn":"ADBE Vector Graphic - Stroke","hd":false},{"ty":"tr","p":{"a":0,"k":[959.14,569.347],"ix":2},"a":{"a":0,"k":[0,0],"ix":1},"s":{"a":0,"k":[100,100],"ix":3},"r":{"a":0,"k":0,"ix":6},"o":{"a":0,"k":100,"ix":7},"sk":{"a":0,"k":0,"ix":4},"sa":{"a":0,"k":0,"ix":5},"nm":"Transformar"}],"nm":"Grupo 7","np":2,"cix":2,"ix":2,"mn":"ADBE Vector Group","hd":false},{"ty":"tr","p":{"a":0,"k":[1041.877,569.347],"ix":2},"a":{"a":0,"k":[1041.877,569.347],"ix":1},"s":{"a":0,"k":[100,100],"ix":3},"r":{"a":1,"k":[{"i":{"x":[0.667],"y":[1]},"o":{"x":[0.574],"y":[0]},"n":["0p667_1_0p574_0"],"t":10,"s":[15],"e":[0]},{"t":20.0000008146167}],"ix":6},"o":{"a":0,"k":100,"ix":7},"sk":{"a":0,"k":0,"ix":4},"sa":{"a":0,"k":0,"ix":5},"nm":"Transformar"}],"nm":"Grupo 2","np":2,"cix":2,"ix":2,"mn":"ADBE Vector Group","hd":false}],"ip":0,"op":35.0000014255792,"st":0,"bm":0}]}