{
  "project_info": {
    "project_number": "542525623788",
    "firebase_url": "https://walp-163401.firebaseio.com",
    "project_id": "walp-163401",
    "storage_bucket": "walp-163401.appspot.com"
  },
  "client": [
    {
      "client_info": {
        "mobilesdk_app_id": "1:542525623788:android:8799896092635857",
        "android_client_info": {
          "package_name": "com.waveofhelp.walp.walp"
        }
      },
      "oauth_client": [
        {
          "client_id": "542525623788-8vedpik0uf9mn9tk6str5qvolnv14mlj.apps.googleusercontent.com",
          "client_type": 1,
          "android_info": {
            "package_name": "com.waveofhelp.walp.walp",
            "certificate_hash": "0b76a5021c4f1d17ebe956017aebccb3f53f769b"
          }
        },
        {
          "client_id": "542525623788-qmo8fevujs1ncfpjgmf4o9ll5qs8s01q.apps.googleusercontent.com",
          "client_type": 3
        }
      ],
      "api_key": [
        {
          "current_key": "AIzaSyAueDDJ0TUv3xaScD5GIXmzwNzQcpbxwDQ"
        },
        {
          "current_key": "AIzaSyCOyVqhPLgKS9bT8cx6tbVA8l6Iw5ygS0k"
        },
        {
          "current_key": "AIzaSyAUZrnB-sxoELQI0gy6TxMZqjYB5b4XIBI"
        },
        {
          "current_key": "AIzaSyCg0kEW5an6h8qLU-Pa6wi6WOoCjHjStrI"
        }
      ],
      "services": {
        "analytics_service": {
          "status": 1
        },
        "appinvite_service": {
          "status": 2,
          "other_platform_oauth_client": [
            {
              "client_id": "542525623788-qmo8fevujs1ncfpjgmf4o9ll5qs8s01q.apps.googleusercontent.com",
              "client_type": 3
            }
          ]
        },
        "ads_service": {
          "status": 2
        }
      }
    },
    {
      "client_info": {
        "mobilesdk_app_id": "1:542525623788:android:b5d75907de594a2d",
        "android_client_info": {
          "package_name": "com.google.firebase.codelab.friendlychat"
        }
      },
      "oauth_client": [
        {
          "client_id": "542525623788-qmo8fevujs1ncfpjgmf4o9ll5qs8s01q.apps.googleusercontent.com",
          "client_type": 3
        }
      ],
      "api_key": [
        {
          "current_key": "AIzaSyAueDDJ0TUv3xaScD5GIXmzwNzQcpbxwDQ"
        },
        {
          "current_key": "AIzaSyCOyVqhPLgKS9bT8cx6tbVA8l6Iw5ygS0k"
        },
        {
          "current_key": "AIzaSyAUZrnB-sxoELQI0gy6TxMZqjYB5b4XIBI"
        },
        {
          "current_key": "AIzaSyCg0kEW5an6h8qLU-Pa6wi6WOoCjHjStrI"
        }
      ],
      "services": {
        "analytics_service": {
          "status": 1
        },
        "appinvite_service": {
          "status": 1,
          "other_platform_oauth_client": []
        },
        "ads_service": {
          "status": 2
        }
      }
    }
  ],
  "configuration_version": "1"
}